{"v":"5.7.6","fr":30,"ip":0,"op":90,"w":1300,"h":1300,"nm":"2晕圈","ddd":0,"assets":[],"layers":[{"ddd":0,"ind":1,"ty":4,"nm":"zy","parent":7,"sr":1,"ks":{"o":{"a":0,"k":100,"ix":11},"r":{"a":1,"k":[{"i":{"x":[0.833],"y":[0.833]},"o":{"x":[0.167],"y":[0.167]},"t":0,"s":[0]},{"t":68,"s":[1800]}],"ix":10},"p":{"a":0,"k":[253.59,335.641,0],"ix":2,"l":2},"a":{"a":0,"k":[253.59,335.641,0],"ix":1,"l":2},"s":{"a":0,"k":[100,100,100],"ix":6,"l":2}},"ao":0,"shapes":[{"ty":"gr","it":[{"ind":0,"ty":"sh","ix":1,"ks":{"a":0,"k":{"i":[[0,0],[24.937,0],[0,-22.444],[-20.199,0],[0,18.18],[16.362,0],[0,-14.726],[-13.253,0],[0,11.927],[10.735,0],[0,-9.662],[-8.695,0],[0,7.826]],"o":[[0,-24.937],[-22.444,0],[0,20.199],[18.179,0],[0,-16.361],[-14.725,0],[0,13.252],[11.927,0],[0,-10.734],[-9.661,0],[0,8.695],[7.826,0],[0,0]],"v":[[42.896,6.547],[-2.257,-38.606],[-42.895,2.032],[-6.322,38.606],[26.595,5.689],[-3.029,-23.936],[-29.691,2.727],[-5.695,26.723],[15.9,5.126],[-3.536,-14.311],[-21.029,3.183],[-5.285,18.926],[8.883,4.757]],"c":false},"ix":2},"nm":"Path 1","mn":"ADBE Vector Shape - Group","hd":false},{"ty":"st","c":{"a":0,"k":[0,0,0,1],"ix":3},"o":{"a":0,"k":100,"ix":4},"w":{"a":0,"k":4,"ix":5},"lc":2,"lj":2,"bm":0,"nm":"Stroke 1","mn":"ADBE Vector Graphic - Stroke","hd":false},{"ty":"tr","p":{"a":0,"k":[256.912,334.953],"ix":2},"a":{"a":0,"k":[0,0],"ix":1},"s":{"a":0,"k":[100,100],"ix":3},"r":{"a":0,"k":0,"ix":6},"o":{"a":0,"k":100,"ix":7},"sk":{"a":0,"k":0,"ix":4},"sa":{"a":0,"k":0,"ix":5},"nm":"Transform"}],"nm":"Group 1","np":2,"cix":2,"bm":0,"ix":1,"mn":"ADBE Vector Group","hd":false},{"ty":"gr","it":[{"ind":0,"ty":"sh","ix":1,"ks":{"a":0,"k":{"i":[[0,-28.313],[28.313,0],[0,28.313],[-28.313,0]],"o":[[0,28.313],[-28.313,0],[0,-28.313],[28.313,0]],"v":[[51.266,0],[-0.001,51.267],[-51.266,0],[-0.001,-51.266]],"c":true},"ix":2},"nm":"Path 1","mn":"ADBE Vector Shape - Group","hd":false},{"ty":"fl","c":{"a":0,"k":[1,1,1,1],"ix":4},"o":{"a":0,"k":100,"ix":5},"r":1,"bm":0,"nm":"Fill 1","mn":"ADBE Vector Graphic - Fill","hd":false},{"ty":"tr","p":{"a":0,"k":[253.661,334.953],"ix":2},"a":{"a":0,"k":[0,0],"ix":1},"s":{"a":0,"k":[100,100],"ix":3},"r":{"a":0,"k":0,"ix":6},"o":{"a":0,"k":100,"ix":7},"sk":{"a":0,"k":0,"ix":4},"sa":{"a":0,"k":0,"ix":5},"nm":"Transform"}],"nm":"Group 2","np":2,"cix":2,"bm":0,"ix":2,"mn":"ADBE Vector Group","hd":false},{"ty":"gr","it":[{"ind":0,"ty":"sh","ix":1,"ks":{"a":0,"k":{"i":[[0,-32.052],[32.053,0],[0,32.053],[-32.051,0]],"o":[[0,32.053],[-32.051,0],[0,-32.052],[32.053,0]],"v":[[58.035,0],[-0.001,58.036],[-58.036,0],[-0.001,-58.036]],"c":true},"ix":2},"nm":"Path 1","mn":"ADBE Vector Shape - Group","hd":false},{"ty":"fl","c":{"a":0,"k":[0,0,0,1],"ix":4},"o":{"a":0,"k":100,"ix":5},"r":1,"bm":0,"nm":"Fill 1","mn":"ADBE Vector Graphic - Fill","hd":false},{"ty":"tr","p":{"a":0,"k":[253.661,334.952],"ix":2},"a":{"a":0,"k":[0,0],"ix":1},"s":{"a":0,"k":[100,100],"ix":3},"r":{"a":0,"k":0,"ix":6},"o":{"a":0,"k":100,"ix":7},"sk":{"a":0,"k":0,"ix":4},"sa":{"a":0,"k":0,"ix":5},"nm":"Transform"}],"nm":"Group 3","np":2,"cix":2,"bm":0,"ix":3,"mn":"ADBE Vector Group","hd":false}],"ip":0,"op":90,"st":0,"bm":0},{"ddd":0,"ind":2,"ty":4,"nm":"yy","parent":7,"sr":1,"ks":{"o":{"a":0,"k":100,"ix":11},"r":{"a":1,"k":[{"i":{"x":[0.833],"y":[0.833]},"o":{"x":[0.167],"y":[0.167]},"t":0,"s":[0]},{"t":68,"s":[1800]}],"ix":10},"p":{"a":0,"k":[445.385,337.692,0],"ix":2,"l":2},"a":{"a":0,"k":[445.385,337.692,0],"ix":1,"l":2},"s":{"a":0,"k":[100,100,100],"ix":6,"l":2}},"ao":0,"shapes":[{"ty":"gr","it":[{"ind":0,"ty":"sh","ix":1,"ks":{"a":0,"k":{"i":[[0,0],[24.937,0],[0,-22.444],[-20.199,0],[0,18.18],[16.362,0],[0,-14.726],[-13.253,0],[0,11.927],[10.735,0],[0,-9.662],[-8.695,0],[0,7.826]],"o":[[0,-24.937],[-22.444,0],[0,20.199],[18.179,0],[0,-16.361],[-14.724,0],[0,13.252],[11.928,0],[0,-10.734],[-9.662,0],[0,8.695],[7.827,0],[0,0]],"v":[[42.896,6.547],[-2.258,-38.606],[-42.896,2.032],[-6.322,38.606],[26.594,5.689],[-3.031,-23.936],[-29.693,2.727],[-5.697,26.723],[15.9,5.126],[-3.536,-14.311],[-21.03,3.183],[-5.286,18.926],[8.883,4.757]],"c":false},"ix":2},"nm":"Path 1","mn":"ADBE Vector Shape - Group","hd":false},{"ty":"st","c":{"a":0,"k":[0,0,0,1],"ix":3},"o":{"a":0,"k":100,"ix":4},"w":{"a":0,"k":4,"ix":5},"lc":2,"lj":2,"bm":0,"nm":"Stroke 1","mn":"ADBE Vector Graphic - Stroke","hd":false},{"ty":"tr","p":{"a":0,"k":[449.591,334.953],"ix":2},"a":{"a":0,"k":[0,0],"ix":1},"s":{"a":0,"k":[100,100],"ix":3},"r":{"a":0,"k":0,"ix":6},"o":{"a":0,"k":100,"ix":7},"sk":{"a":0,"k":0,"ix":4},"sa":{"a":0,"k":0,"ix":5},"nm":"Transform"}],"nm":"Group 1","np":2,"cix":2,"bm":0,"ix":1,"mn":"ADBE Vector Group","hd":false},{"ty":"gr","it":[{"ind":0,"ty":"sh","ix":1,"ks":{"a":0,"k":{"i":[[0,-28.313],[28.314,0],[0,28.313],[-28.312,0]],"o":[[0,28.313],[-28.312,0],[0,-28.313],[28.314,0]],"v":[[51.265,0],[-0.001,51.267],[-51.265,0],[-0.001,-51.266]],"c":true},"ix":2},"nm":"Path 1","mn":"ADBE Vector Shape - Group","hd":false},{"ty":"fl","c":{"a":0,"k":[1,1,1,1],"ix":4},"o":{"a":0,"k":100,"ix":5},"r":1,"bm":0,"nm":"Fill 1","mn":"ADBE Vector Graphic - Fill","hd":false},{"ty":"tr","p":{"a":0,"k":[446.339,334.953],"ix":2},"a":{"a":0,"k":[0,0],"ix":1},"s":{"a":0,"k":[100,100],"ix":3},"r":{"a":0,"k":0,"ix":6},"o":{"a":0,"k":100,"ix":7},"sk":{"a":0,"k":0,"ix":4},"sa":{"a":0,"k":0,"ix":5},"nm":"Transform"}],"nm":"Group 2","np":2,"cix":2,"bm":0,"ix":2,"mn":"ADBE Vector Group","hd":false},{"ty":"gr","it":[{"ind":0,"ty":"sh","ix":1,"ks":{"a":0,"k":{"i":[[0,-32.052],[32.053,0],[0,32.053],[-32.052,0]],"o":[[0,32.053],[-32.052,0],[0,-32.052],[32.053,0]],"v":[[58.036,0],[0,58.036],[-58.035,0],[0,-58.036]],"c":true},"ix":2},"nm":"Path 1","mn":"ADBE Vector Shape - Group","hd":false},{"ty":"fl","c":{"a":0,"k":[0,0,0,1],"ix":4},"o":{"a":0,"k":100,"ix":5},"r":1,"bm":0,"nm":"Fill 1","mn":"ADBE Vector Graphic - Fill","hd":false},{"ty":"tr","p":{"a":0,"k":[446.339,334.952],"ix":2},"a":{"a":0,"k":[0,0],"ix":1},"s":{"a":0,"k":[100,100],"ix":3},"r":{"a":0,"k":0,"ix":6},"o":{"a":0,"k":100,"ix":7},"sk":{"a":0,"k":0,"ix":4},"sa":{"a":0,"k":0,"ix":5},"nm":"Transform"}],"nm":"Group 3","np":2,"cix":2,"bm":0,"ix":3,"mn":"ADBE Vector Group","hd":false}],"ip":0,"op":90,"st":0,"bm":0},{"ddd":0,"ind":3,"ty":4,"nm":"鼻子","parent":7,"sr":1,"ks":{"o":{"a":0,"k":100,"ix":11},"r":{"a":0,"k":0,"ix":10},"p":{"a":0,"k":[350,350,0],"ix":2,"l":2},"a":{"a":0,"k":[350,350,0],"ix":1,"l":2},"s":{"a":0,"k":[100,100,100],"ix":6,"l":2}},"ao":0,"shapes":[{"ty":"gr","it":[{"ind":0,"ty":"sh","ix":1,"ks":{"a":0,"k":{"i":[[0,-10.235],[15.605,0],[0,10.236],[-15.604,0]],"o":[[0,10.236],[-15.604,0],[0,-10.235],[15.605,0]],"v":[[28.254,-5.632],[0,20.946],[-28.254,-5.632],[0,-20.947]],"c":true},"ix":2},"nm":"Path 1","mn":"ADBE Vector Shape - Group","hd":false},{"ty":"fl","c":{"a":0,"k":[0,0,0,1],"ix":4},"o":{"a":0,"k":100,"ix":5},"r":1,"bm":0,"nm":"Fill 1","mn":"ADBE Vector Graphic - Fill","hd":false},{"ty":"tr","p":{"a":0,"k":[350,423.953],"ix":2},"a":{"a":0,"k":[0,0],"ix":1},"s":{"a":0,"k":[100,100],"ix":3},"r":{"a":0,"k":0,"ix":6},"o":{"a":0,"k":100,"ix":7},"sk":{"a":0,"k":0,"ix":4},"sa":{"a":0,"k":0,"ix":5},"nm":"Transform"}],"nm":"Group 1","np":2,"cix":2,"bm":0,"ix":1,"mn":"ADBE Vector Group","hd":false}],"ip":0,"op":90,"st":0,"bm":0},{"ddd":0,"ind":4,"ty":4,"nm":"嘴巴","parent":7,"sr":1,"ks":{"o":{"a":0,"k":100,"ix":11},"r":{"a":0,"k":0,"ix":10},"p":{"a":0,"k":[350,350,0],"ix":2,"l":2},"a":{"a":0,"k":[350,350,0],"ix":1,"l":2},"s":{"a":0,"k":[100,100,100],"ix":6,"l":2}},"ao":0,"shapes":[{"ty":"gr","it":[{"ind":0,"ty":"sh","ix":1,"ks":{"a":0,"k":{"i":[[0,0],[-4.533,1.886],[0,0]],"o":[[6.942,2.602],[0,0],[0,0]],"v":[[-8.74,7.322],[8.74,7.062],[0.066,-9.924]],"c":true},"ix":2},"nm":"Path 1","mn":"ADBE Vector Shape - Group","hd":false},{"ty":"st","c":{"a":0,"k":[0,0,0,1],"ix":3},"o":{"a":0,"k":100,"ix":4},"w":{"a":0,"k":4,"ix":5},"lc":2,"lj":2,"bm":0,"nm":"Stroke 1","mn":"ADBE Vector Graphic - Stroke","hd":false},{"ty":"fl","c":{"a":0,"k":[1,1,1,1],"ix":4},"o":{"a":0,"k":100,"ix":5},"r":1,"bm":0,"nm":"Fill 1","mn":"ADBE Vector Graphic - Fill","hd":false},{"ty":"tr","p":{"a":0,"k":[304.912,485.631],"ix":2},"a":{"a":0,"k":[0,0],"ix":1},"s":{"a":0,"k":[100,100],"ix":3},"r":{"a":0,"k":0,"ix":6},"o":{"a":0,"k":100,"ix":7},"sk":{"a":0,"k":0,"ix":4},"sa":{"a":0,"k":0,"ix":5},"nm":"Transform"}],"nm":"Group 1","np":3,"cix":2,"bm":0,"ix":1,"mn":"ADBE Vector Group","hd":false},{"ty":"gr","it":[{"ind":0,"ty":"sh","ix":1,"ks":{"a":0,"k":{"i":[[0,0],[-4.533,1.886],[0,0]],"o":[[6.942,2.602],[0,0],[0,0]],"v":[[-8.74,7.322],[8.74,7.062],[0.067,-9.924]],"c":true},"ix":2},"nm":"Path 1","mn":"ADBE Vector Shape - Group","hd":false},{"ty":"st","c":{"a":0,"k":[0,0,0,1],"ix":3},"o":{"a":0,"k":100,"ix":4},"w":{"a":0,"k":4,"ix":5},"lc":2,"lj":2,"bm":0,"nm":"Stroke 1","mn":"ADBE Vector Graphic - Stroke","hd":false},{"ty":"fl","c":{"a":0,"k":[1,1,1,1],"ix":4},"o":{"a":0,"k":100,"ix":5},"r":1,"bm":0,"nm":"Fill 1","mn":"ADBE Vector Graphic - Fill","hd":false},{"ty":"tr","p":{"a":0,"k":[395.939,485.631],"ix":2},"a":{"a":0,"k":[0,0],"ix":1},"s":{"a":0,"k":[100,100],"ix":3},"r":{"a":0,"k":0,"ix":6},"o":{"a":0,"k":100,"ix":7},"sk":{"a":0,"k":0,"ix":4},"sa":{"a":0,"k":0,"ix":5},"nm":"Transform"}],"nm":"Group 2","np":3,"cix":2,"bm":0,"ix":2,"mn":"ADBE Vector Group","hd":false},{"ty":"gr","it":[{"ind":0,"ty":"sh","ix":1,"ks":{"a":0,"k":{"i":[[0,0],[16.414,7.242],[11.105,-0.482]],"o":[[0,0],[-16.415,-7.242],[0,0]],"v":[[32.105,-3.622],[4.104,2.172],[-32.105,-8.932]],"c":false},"ix":2},"nm":"Path 1","mn":"ADBE Vector Shape - Group","hd":false},{"ty":"st","c":{"a":0,"k":[0,0,0,1],"ix":3},"o":{"a":0,"k":100,"ix":4},"w":{"a":0,"k":4,"ix":5},"lc":2,"lj":1,"ml":10,"bm":0,"nm":"Stroke 1","mn":"ADBE Vector Graphic - Stroke","hd":false},{"ty":"tr","p":{"a":0,"k":[381.61,490.176],"ix":2},"a":{"a":0,"k":[0,0],"ix":1},"s":{"a":0,"k":[100,100],"ix":3},"r":{"a":0,"k":0,"ix":6},"o":{"a":0,"k":100,"ix":7},"sk":{"a":0,"k":0,"ix":4},"sa":{"a":0,"k":0,"ix":5},"nm":"Transform"}],"nm":"Group 3","np":2,"cix":2,"bm":0,"ix":3,"mn":"ADBE Vector Group","hd":false},{"ty":"gr","it":[{"ind":0,"ty":"sh","ix":1,"ks":{"a":0,"k":{"i":[[0,0],[-16.415,7.242],[-11.104,-0.482]],"o":[[0,0],[16.415,-7.242],[0,0]],"v":[[-32.105,-3.622],[-4.104,2.172],[32.105,-8.932]],"c":false},"ix":2},"nm":"Path 1","mn":"ADBE Vector Shape - Group","hd":false},{"ty":"st","c":{"a":0,"k":[0,0,0,1],"ix":3},"o":{"a":0,"k":100,"ix":4},"w":{"a":0,"k":4,"ix":5},"lc":2,"lj":1,"ml":10,"bm":0,"nm":"Stroke 1","mn":"ADBE Vector Graphic - Stroke","hd":false},{"ty":"tr","p":{"a":0,"k":[318.39,490.176],"ix":2},"a":{"a":0,"k":[0,0],"ix":1},"s":{"a":0,"k":[100,100],"ix":3},"r":{"a":0,"k":0,"ix":6},"o":{"a":0,"k":100,"ix":7},"sk":{"a":0,"k":0,"ix":4},"sa":{"a":0,"k":0,"ix":5},"nm":"Transform"}],"nm":"Group 4","np":2,"cix":2,"bm":0,"ix":4,"mn":"ADBE Vector Group","hd":false}],"ip":0,"op":90,"st":0,"bm":0},{"ddd":0,"ind":5,"ty":4,"nm":"腮红","parent":7,"sr":1,"ks":{"o":{"a":0,"k":100,"ix":11},"r":{"a":0,"k":0,"ix":10},"p":{"a":0,"k":[350,350,0],"ix":2,"l":2},"a":{"a":0,"k":[350,350,0],"ix":1,"l":2},"s":{"a":0,"k":[100,100,100],"ix":6,"l":2}},"ao":0,"shapes":[{"ty":"gr","it":[{"ind":0,"ty":"sh","ix":1,"ks":{"a":0,"k":{"i":[[0,-5.643],[-18.901,0],[0,5.643],[18.9,0]],"o":[[0,5.643],[18.9,0],[0,-5.643],[-18.901,0]],"v":[[-34.222,0],[0.001,10.217],[34.222,0],[0.001,-10.217]],"c":true},"ix":2},"nm":"Path 1","mn":"ADBE Vector Shape - Group","hd":false},{"ty":"fl","c":{"a":0,"k":[1,0.630999995213,0.497999991623,1],"ix":4},"o":{"a":0,"k":100,"ix":5},"r":1,"bm":0,"nm":"Fill 1","mn":"ADBE Vector Graphic - Fill","hd":false},{"ty":"tr","p":{"a":0,"k":[253.726,391.702],"ix":2},"a":{"a":0,"k":[0,0],"ix":1},"s":{"a":0,"k":[100,100],"ix":3},"r":{"a":0,"k":0,"ix":6},"o":{"a":0,"k":100,"ix":7},"sk":{"a":0,"k":0,"ix":4},"sa":{"a":0,"k":0,"ix":5},"nm":"Transform"}],"nm":"Group 1","np":2,"cix":2,"bm":0,"ix":1,"mn":"ADBE Vector Group","hd":false},{"ty":"gr","it":[{"ind":0,"ty":"sh","ix":1,"ks":{"a":0,"k":{"i":[[0,-5.643],[18.902,0],[0,5.643],[-18.9,0]],"o":[[0,5.643],[-18.9,0],[0,-5.643],[18.902,0]],"v":[[34.223,0],[-0.001,10.217],[-34.223,0],[-0.001,-10.217]],"c":true},"ix":2},"nm":"Path 1","mn":"ADBE Vector Shape - Group","hd":false},{"ty":"fl","c":{"a":0,"k":[1,0.630999995213,0.497999991623,1],"ix":4},"o":{"a":0,"k":100,"ix":5},"r":1,"bm":0,"nm":"Fill 1","mn":"ADBE Vector Graphic - Fill","hd":false},{"ty":"tr","p":{"a":0,"k":[446.476,391.702],"ix":2},"a":{"a":0,"k":[0,0],"ix":1},"s":{"a":0,"k":[100,100],"ix":3},"r":{"a":0,"k":0,"ix":6},"o":{"a":0,"k":100,"ix":7},"sk":{"a":0,"k":0,"ix":4},"sa":{"a":0,"k":0,"ix":5},"nm":"Transform"}],"nm":"Group 2","np":2,"cix":2,"bm":0,"ix":2,"mn":"ADBE Vector Group","hd":false}],"ip":0,"op":90,"st":0,"bm":0},{"ddd":0,"ind":6,"ty":4,"nm":"图层 1/表情包 Outlines","parent":7,"sr":1,"ks":{"o":{"a":0,"k":100,"ix":11},"r":{"a":0,"k":0,"ix":10},"p":{"a":0,"k":[344.21,372.263,0],"ix":2,"l":2},"a":{"a":0,"k":[764,764,0],"ix":1,"l":2},"s":{"a":0,"k":[51.282,51.282,100],"ix":6,"l":2}},"ao":0,"shapes":[{"ty":"gr","it":[{"ind":0,"ty":"sh","ix":1,"ks":{"a":0,"k":{"i":[[20.553,0],[41.496,15.855],[6.283,0],[4.972,-7.399],[-10.022,-24.466],[-53.807,-30.397],[-18.83,-7.673],[-11.803,14.934],[-5.519,34.821]],"o":[[-37.424,0],[-5.656,-3.288],[-9.67,0],[-4.952,7.399],[6.204,15.267],[17.91,10.12],[16.892,-12.038],[20.532,-25.935],[-7.965,0.586]],"v":[[441.507,50.714],[309.367,31.532],[290.909,26.443],[267.872,38.07],[269.124,83.891],[347.867,154.12],[404.044,181.23],[447.183,140.693],[486.446,49.11]],"c":true},"ix":2},"nm":"Path 1","mn":"ADBE Vector Shape - Group","hd":false},{"ind":1,"ty":"sh","ix":2,"ks":{"a":0,"k":{"i":[[-31.122,-1.33],[-9.825,-0.549],[-25.523,0],[-10.863,3.249],[0,0],[0,0],[0,0.02],[3.542,6.949],[0,0],[0,0],[57.351,-6.518],[-0.587,-17.146]],"o":[[8.436,0.392],[26.072,1.449],[24.917,0],[0,0],[0,0],[0,-0.039],[-3.503,-10.863],[0,0],[0,0],[-0.861,0.352],[-26.463,2.976],[0.744,21.492]],"v":[[314.162,-63.164],[341.721,-61.715],[422.872,-58.642],[476.054,-63.476],[481.378,-65.082],[461.941,-147.075],[461.921,-147.153],[451.216,-174.81],[447.926,-181.23],[441.253,-178.49],[297.701,-136.701],[256.382,-104.561]],"c":true},"ix":2},"nm":"Path 2","mn":"ADBE Vector Shape - Group","hd":false},{"ind":2,"ty":"sh","ix":3,"ks":{"a":0,"k":{"i":[[9.669,0],[5.656,-3.288],[37.424,0],[8.142,0.586],[-20.513,-25.935],[-16.813,-11.999],[-17.812,10.061],[-6.224,15.267],[4.972,7.399]],"o":[[-6.283,0],[-41.496,15.855],[-20.141,0],[5.539,34.821],[11.764,14.895],[18.732,-7.653],[53.807,-30.397],[10.022,-24.466],[-4.971,-7.399]],"v":[[-291.397,26.443],[-309.855,31.532],[-441.995,50.714],[-486.446,49.149],[-447.182,140.693],[-404.219,181.112],[-348.356,154.12],[-269.593,83.891],[-268.36,38.07]],"c":true},"ix":2},"nm":"Path 3","mn":"ADBE Vector Shape - Group","hd":false},{"ind":3,"ty":"sh","ix":4,"ks":{"a":0,"k":{"i":[[26.464,2.976],[0.862,0.352],[0,0],[0,0],[2.858,-8.358],[0,-0.019],[5.559,-23.684],[0,0],[0.901,-4.346],[0,0],[-24.917,0],[-26.072,1.449],[-8.456,0.392],[-0.744,21.492]],"o":[[-57.388,-6.518],[0,0],[0,0],[-2.857,5.598],[0,0.039],[-6.126,23.958],[0,0],[-1.037,4.423],[0,0],[10.863,3.249],[25.524,0],[9.826,-0.549],[31.102,-1.33],[0.587,-17.146]],"v":[[-298.19,-136.701],[-441.741,-178.49],[-448.415,-181.23],[-451.684,-174.81],[-460.335,-153.377],[-460.355,-153.299],[-477.658,-81.68],[-478.499,-78.098],[-481.416,-64.944],[-476.542,-63.476],[-423.361,-58.642],[-342.21,-61.715],[-314.631,-63.164],[-256.87,-104.561]],"c":true},"ix":2},"nm":"Path 4","mn":"ADBE Vector Shape - Group","hd":false},{"ty":"mm","mm":1,"nm":"Merge Paths 1","mn":"ADBE Vector Filter - Merge","hd":false},{"ty":"fl","c":{"a":0,"k":[0,0,0,1],"ix":4},"o":{"a":0,"k":100,"ix":5},"r":1,"bm":0,"nm":"Fill 1","mn":"ADBE Vector Graphic - Fill","hd":false},{"ty":"tr","p":{"a":0,"k":[773.121,867.983],"ix":2},"a":{"a":0,"k":[0,0],"ix":1},"s":{"a":0,"k":[100,100],"ix":3},"r":{"a":0,"k":0,"ix":6},"o":{"a":0,"k":100,"ix":7},"sk":{"a":0,"k":0,"ix":4},"sa":{"a":0,"k":0,"ix":5},"nm":"Transform"}],"nm":"Group 1","np":6,"cix":2,"bm":0,"ix":1,"mn":"ADBE Vector Group","hd":false},{"ty":"gr","it":[{"ind":0,"ty":"sh","ix":1,"ks":{"a":0,"k":{"i":[[0,0],[25.439,3.021],[0,0],[26.228,-0.209],[0,0],[-0.934,-7.399],[27.739,-9.846],[-7.112,-21.418],[-64.316,21.418],[-10.78,1.583],[-0.934,-6.899],[20.409,-9.989],[-5.177,-21.417],[-47.14,21.419],[-9.055,1.583],[-1.796,-9.703],[-8.538,1.01],[-1.883,-0.222],[-3.96,20.497],[-2.225,14.733],[-7.328,-3.378],[-3.305,13.581],[0,0],[18.831,2.946],[-0.935,6.612],[-8.768,-2.944],[-4.53,13.508]],"o":[[-27.739,-9.846],[0.935,-7.399],[0,0],[-26.229,-0.209],[0,0],[-25.439,3.021],[0,0],[4.529,13.508],[8.767,-2.944],[0.935,6.612],[-18.831,2.946],[0,0],[3.304,13.581],[7.329,-3.378],[2.226,14.733],[3.959,20.497],[1.883,-0.222],[8.538,1.01],[1.795,-9.703],[9.055,1.583],[47.142,21.419],[5.177,-21.417],[-20.409,-9.989],[0.933,-6.899],[10.78,1.583],[64.316,21.418],[7.112,-21.418]],"v":[[127.363,-67.164],[47.236,-85.635],[49.273,-100.404],[0,-101.473],[-49.283,-100.404],[-47.237,-85.635],[-127.363,-67.164],[-155.967,-33.243],[-70.163,-27.856],[-40.338,-34.539],[-37.534,-14.271],[-96.75,4.269],[-117.734,38.19],[-54.927,43.577],[-30.061,36.247],[-23.809,73.907],[-2.842,100.672],[2.842,100.672],[23.809,73.907],[30.06,36.247],[54.925,43.577],[117.734,38.19],[96.75,4.269],[37.534,-14.271],[40.338,-34.539],[70.163,-27.856],[155.967,-33.243]],"c":true},"ix":2},"nm":"Path 1","mn":"ADBE Vector Shape - Group","hd":false},{"ty":"fl","c":{"a":0,"k":[0.004000000393,0,0,1],"ix":4},"o":{"a":0,"k":100,"ix":5},"r":1,"bm":0,"nm":"Fill 1","mn":"ADBE Vector Graphic - Fill","hd":false},{"ty":"tr","p":{"a":0,"k":[774.088,429.122],"ix":2},"a":{"a":0,"k":[0,0],"ix":1},"s":{"a":0,"k":[100,100],"ix":3},"r":{"a":0,"k":0,"ix":6},"o":{"a":0,"k":100,"ix":7},"sk":{"a":0,"k":0,"ix":4},"sa":{"a":0,"k":0,"ix":5},"nm":"Transform"}],"nm":"Group 2","np":2,"cix":2,"bm":0,"ix":2,"mn":"ADBE Vector Group","hd":false},{"ty":"gr","it":[{"ind":0,"ty":"sh","ix":1,"ks":{"a":0,"k":{"i":[[25.197,-60.888],[15.952,-68.018],[-260.018,0],[-16.071,0.381],[-15.863,0],[63.599,269.033],[27.433,66.008],[51.693,43.789],[37.136,15.087],[65.351,0.001],[3.189,-0.057],[3.183,0],[58.303,-24.426],[30.046,-25.51]],"o":[[-27.433,66.008],[-63.594,269.016],[15.88,0],[16.054,0.38],[260.039,0],[-15.951,-68.018],[-25.197,-60.888],[-30.047,-25.51],[-58.301,-24.425],[-3.188,0],[-3.184,-0.056],[-65.356,-0.001],[-37.136,15.087],[-51.694,43.789]],"v":[[-410.886,-136.274],[-470.883,69.517],[-47.924,394.378],[-0.003,393.79],[47.919,394.378],[470.878,69.517],[410.882,-136.274],[299.655,-297.083],[198.132,-358.065],[9.555,-394.377],[-0.003,-394.292],[-9.56,-394.377],[-198.135,-358.065],[-299.659,-297.083]],"c":true},"ix":2},"nm":"Path 1","mn":"ADBE Vector Shape - Group","hd":false},{"ty":"fl","c":{"a":0,"k":[1,0.830999995213,0,1],"ix":4},"o":{"a":0,"k":100,"ix":5},"r":1,"bm":0,"nm":"Fill 1","mn":"ADBE Vector Graphic - Fill","hd":false},{"ty":"tr","p":{"a":0,"k":[773.121,722.165],"ix":2},"a":{"a":0,"k":[0,0],"ix":1},"s":{"a":0,"k":[100,100],"ix":3},"r":{"a":0,"k":0,"ix":6},"o":{"a":0,"k":100,"ix":7},"sk":{"a":0,"k":0,"ix":4},"sa":{"a":0,"k":0,"ix":5},"nm":"Transform"}],"nm":"Group 3","np":2,"cix":2,"bm":0,"ix":3,"mn":"ADBE Vector Group","hd":false},{"ty":"gr","it":[{"ind":0,"ty":"sh","ix":1,"ks":{"a":0,"k":{"i":[[5.207,-33.49],[0.059,-0.275],[20.532,-25.936],[16.892,-12.038],[9.532,-5.207],[36.114,-8.985],[95.675,0],[16.481,0.392],[15.307,0],[62.478,15.541],[26.444,14.446],[8.417,6.028],[11.764,14.894],[5.539,34.821],[0.039,0.294],[-8.612,41.75],[-1.038,4.423],[0,0],[-6.126,23.957],[0,0.039],[-17.694,42.572],[-47.27,40.047],[-38.48,15.619],[-67.685,0],[-3.171,-0.058],[-3.171,0],[-57.585,-24.114],[-30.202,-25.641],[-29.047,-70.15],[-11.764,-46.683],[0,-0.039],[-5.069,-21.649],[0,0],[-0.881,-4.305]],"o":[[-0.039,0.274],[-5.519,34.821],[-11.803,14.933],[-8.358,5.989],[-26.444,14.426],[-62.459,15.521],[-15.326,0],[-16.481,0.392],[-95.674,0],[-36.113,-8.965],[-9.59,-5.226],[-16.813,-11.999],[-20.513,-25.936],[-0.039,-0.294],[-5.187,-33.431],[0.9,-4.346],[0,0],[5.559,-23.684],[0,-0.02],[11.391,-44.608],[29.028,-70.17],[30.221,-25.641],[57.664,-24.154],[3.171,0],[3.171,-0.058],[67.684,0],[38.559,15.659],[47.27,40.047],[18.496,44.549],[0,0.019],[5.54,21.883],[0,0],[1.037,4.383],[8.651,41.809]],"v":[[486.574,194.119],[486.436,194.922],[447.174,286.506],[404.034,327.042],[377.199,343.836],[282.932,379.127],[47.916,402.203],[-0.019,401.616],[-47.935,402.203],[-282.952,379.107],[-377.218,343.816],[-404.229,326.925],[-447.192,286.506],[-486.456,194.961],[-486.593,194.099],[-481.426,80.868],[-478.509,67.715],[-477.668,64.133],[-460.365,-7.486],[-460.345,-7.565],[-418.126,-139.274],[-304.737,-303.064],[-201.175,-365.287],[-9.571,-402.203],[-0.019,-402.125],[9.553,-402.203],[201.078,-365.327],[304.699,-303.064],[418.107,-139.294],[461.911,-1.34],[461.93,-1.262],[477.648,64.133],[478.491,67.715],[481.367,80.73]],"c":true},"ix":2},"nm":"Path 1","mn":"ADBE Vector Shape - Group","hd":false},{"ty":"fl","c":{"a":0,"k":[0,0,0,1],"ix":4},"o":{"a":0,"k":100,"ix":5},"r":1,"bm":0,"nm":"Fill 1","mn":"ADBE Vector Graphic - Fill","hd":false},{"ty":"tr","p":{"a":0,"k":[773.132,722.171],"ix":2},"a":{"a":0,"k":[0,0],"ix":1},"s":{"a":0,"k":[100,100],"ix":3},"r":{"a":0,"k":0,"ix":6},"o":{"a":0,"k":100,"ix":7},"sk":{"a":0,"k":0,"ix":4},"sa":{"a":0,"k":0,"ix":5},"nm":"Transform"}],"nm":"Group 4","np":2,"cix":2,"bm":0,"ix":4,"mn":"ADBE Vector Group","hd":false}],"ip":0,"op":510,"st":0,"bm":0},{"ddd":0,"ind":7,"ty":3,"nm":"脸蛋","sr":1,"ks":{"o":{"a":0,"k":100,"ix":11},"r":{"a":0,"k":0,"ix":10},"p":{"a":0,"k":[650,650,0],"ix":2,"l":2},"a":{"a":0,"k":[350,350,0],"ix":1,"l":2},"s":{"a":1,"k":[{"i":{"x":[0.667,0.667,0.667],"y":[1,1,1]},"o":{"x":[0.333,0.333,0.333],"y":[0,0,0]},"t":0,"s":[195,195,100]},{"i":{"x":[0.833,0.833,0.833],"y":[1,1,1]},"o":{"x":[0.333,0.333,0.333],"y":[0,0,0]},"t":7.838,"s":[210,180,100]},{"i":{"x":[0.667,0.667,0.667],"y":[1,1,1]},"o":{"x":[0.333,0.333,0.333],"y":[0,0,0]},"t":15.676,"s":[195,195,100]},{"i":{"x":[0.833,0.833,0.833],"y":[1,1,1]},"o":{"x":[0.333,0.333,0.333],"y":[0,0,0]},"t":23.514,"s":[210,180,100]},{"i":{"x":[0.667,0.667,0.667],"y":[1,1,1]},"o":{"x":[0.333,0.333,0.333],"y":[0,0,0]},"t":32.919,"s":[195,195,100]},{"i":{"x":[0.833,0.833,0.833],"y":[1,1,1]},"o":{"x":[0.333,0.333,0.333],"y":[0,0,0]},"t":40.757,"s":[210,180,100]},{"i":{"x":[0.667,0.667,0.667],"y":[1,1,1]},"o":{"x":[0.333,0.333,0.333],"y":[0,0,0]},"t":50.162,"s":[195,195,100]},{"i":{"x":[0.833,0.833,0.833],"y":[1,1,1]},"o":{"x":[0.333,0.333,0.333],"y":[0,0,0]},"t":58,"s":[210,180,100]},{"i":{"x":[0.667,0.667,0.667],"y":[1,1,1]},"o":{"x":[0.333,0.333,0.333],"y":[0,0,0]},"t":64.5,"s":[195,195,100]},{"i":{"x":[0.4,0.4,0.667],"y":[1,1,1]},"o":{"x":[0.333,0.333,0.333],"y":[0,0,0]},"t":70,"s":[200,190,100]},{"t":78,"s":[195,195,100]}],"ix":6,"l":2}},"ao":0,"ip":0,"op":90,"st":0,"bm":0},{"ddd":0,"ind":8,"ty":4,"nm":"耳朵","parent":7,"sr":1,"ks":{"o":{"a":0,"k":100,"ix":11},"r":{"a":0,"k":0,"ix":10},"p":{"a":0,"k":[350,350,0],"ix":2,"l":2},"a":{"a":0,"k":[350,350,0],"ix":1,"l":2},"s":{"a":0,"k":[100,100,100],"ix":6,"l":2}},"ao":0,"shapes":[{"ty":"gr","it":[{"ind":0,"ty":"sh","ix":1,"ks":{"a":0,"k":{"i":[[11.364,0],[0.362,-0.017],[4.869,-5.535],[-6.585,-7.386],[-1.567,21.778]],"o":[[-0.36,0],[-6.353,0.297],[-19.372,22.02],[7.1,-4.577],[-2.689,-2.307]],"v":[[4.438,-29.605],[3.356,-29.579],[-13.555,-20.792],[-11.991,29.156],[28.853,-19.096]],"c":true},"ix":2},"nm":"Path 1","mn":"ADBE Vector Shape - Group","hd":false},{"ind":1,"ty":"sh","ix":2,"ks":{"a":0,"k":{"i":[[0,0],[0,0],[2.314,10.851],[-9.144,10.394],[-7.487,0.343],[-0.556,-0.526],[0,0],[0,0],[14.625,-13.207],[0.44,-0.265]],"o":[[0,0],[-3.77,-3.946],[-2.526,-11.847],[5.618,-6.386],[15.304,-0.702],[0,0],[0,0],[-0.361,11.369],[-10.723,9.683],[0,0]],"v":[[-12.669,34.277],[-13.777,33.118],[-26.531,10.083],[-16.558,-23.435],[3.192,-33.576],[32.274,-21.408],[32.927,-20.79],[32.898,-19.892],[10.314,17.145],[-11.297,33.447]],"c":true},"ix":2},"nm":"Path 2","mn":"ADBE Vector Shape - Group","hd":false},{"ty":"mm","mm":1,"nm":"Merge Paths 1","mn":"ADBE Vector Filter - Merge","hd":false},{"ty":"fl","c":{"a":0,"k":[0,0,0,1],"ix":4},"o":{"a":0,"k":100,"ix":5},"r":1,"bm":0,"nm":"Fill 1","mn":"ADBE Vector Graphic - Fill","hd":false},{"ty":"tr","p":{"a":0,"k":[162.9,229.871],"ix":2},"a":{"a":0,"k":[0,0],"ix":1},"s":{"a":0,"k":[100,100],"ix":3},"r":{"a":0,"k":0,"ix":6},"o":{"a":0,"k":100,"ix":7},"sk":{"a":0,"k":0,"ix":4},"sa":{"a":0,"k":0,"ix":5},"nm":"Transform"}],"nm":"Group 1","np":4,"cix":2,"bm":0,"ix":1,"mn":"ADBE Vector Group","hd":false},{"ty":"gr","it":[{"ind":0,"ty":"sh","ix":1,"ks":{"a":0,"k":{"i":[[-0.828,26.052],[19.837,-22.55],[-9.177,-9.605]],"o":[[0,0],[-19.838,22.55],[0,0]],"v":[[32.897,-13.492],[-13.059,-15.65],[-10.334,38.199]],"c":true},"ix":2},"nm":"Path 1","mn":"ADBE Vector Shape - Group","hd":false},{"ty":"fl","c":{"a":0,"k":[1,0.630999995213,0.497999991623,1],"ix":4},"o":{"a":0,"k":100,"ix":5},"r":1,"bm":0,"nm":"Fill 1","mn":"ADBE Vector Graphic - Fill","hd":false},{"ty":"tr","p":{"a":0,"k":[160.902,223.408],"ix":2},"a":{"a":0,"k":[0,0],"ix":1},"s":{"a":0,"k":[100,100],"ix":3},"r":{"a":0,"k":0,"ix":6},"o":{"a":0,"k":100,"ix":7},"sk":{"a":0,"k":0,"ix":4},"sa":{"a":0,"k":0,"ix":5},"nm":"Transform"}],"nm":"Group 2","np":2,"cix":2,"bm":0,"ix":2,"mn":"ADBE Vector Group","hd":false},{"ty":"gr","it":[{"ind":0,"ty":"sh","ix":1,"ks":{"a":0,"k":{"i":[[-7.398,12.876],[-0.567,-18.069],[-20.48,-12.574],[-1.51,3.506],[1.72,21.221]],"o":[[-11.716,13.375],[0.742,23.585],[1.201,-3.089],[-17.316,-12.814],[-1.22,-15.063]],"v":[[-1.264,-47.418],[-18.76,1.217],[14.575,57.916],[18.622,48.071],[-10.867,-4.61]],"c":true},"ix":2},"nm":"Path 1","mn":"ADBE Vector Shape - Group","hd":false},{"ind":1,"ty":"sh","ix":2,"ks":{"a":0,"k":{"i":[[0,0],[0,0],[0.81,25.768],[-22.244,14.686],[0,0],[-1.677,-20.696],[-17.12,-12.137],[0,0],[0,0],[1.548,-4.106]],"o":[[0,0],[-22.93,-13.15],[-0.819,-26.073],[0,0],[-14.924,14.717],[1.666,20.555],[0,0],[0,0],[-2.128,4.885],[0,0]],"v":[[16.637,63.75],[14.599,62.582],[-22.758,1.343],[11.458,-63.75],[13.965,-60.657],[-6.88,-4.934],[22.252,45.761],[23.577,46.701],[22.929,48.191],[17.465,61.553]],"c":true},"ix":2},"nm":"Path 2","mn":"ADBE Vector Shape - Group","hd":false},{"ty":"mm","mm":1,"nm":"Merge Paths 1","mn":"ADBE Vector Filter - Merge","hd":false},{"ty":"fl","c":{"a":0,"k":[0,0,0,1],"ix":4},"o":{"a":0,"k":100,"ix":5},"r":1,"bm":0,"nm":"Fill 1","mn":"ADBE Vector Graphic - Fill","hd":false},{"ty":"tr","p":{"a":0,"k":[115.099,232.808],"ix":2},"a":{"a":0,"k":[0,0],"ix":1},"s":{"a":0,"k":[100,100],"ix":3},"r":{"a":0,"k":0,"ix":6},"o":{"a":0,"k":100,"ix":7},"sk":{"a":0,"k":0,"ix":4},"sa":{"a":0,"k":0,"ix":5},"nm":"Transform"}],"nm":"Group 3","np":4,"cix":2,"bm":0,"ix":3,"mn":"ADBE Vector Group","hd":false},{"ty":"gr","it":[{"ind":0,"ty":"sh","ix":1,"ks":{"a":0,"k":{"i":[[-31.276,30.842],[-47.951,-27.499],[-1.876,4.306]],"o":[[-45.012,29.719],[1.762,-4.673],[-37.451,-26.55]],"v":[[18.239,-61.464],[21.272,61.464],[26.773,48.01]],"c":true},"ix":2},"nm":"Path 1","mn":"ADBE Vector Shape - Group","hd":false},{"ty":"fl","c":{"a":0,"k":[1,0.830999995213,0,1],"ix":4},"o":{"a":0,"k":100,"ix":5},"r":1,"bm":0,"nm":"Fill 1","mn":"ADBE Vector Graphic - Fill","hd":false},{"ty":"tr","p":{"a":0,"k":[109.421,232.191],"ix":2},"a":{"a":0,"k":[0,0],"ix":1},"s":{"a":0,"k":[100,100],"ix":3},"r":{"a":0,"k":0,"ix":6},"o":{"a":0,"k":100,"ix":7},"sk":{"a":0,"k":0,"ix":4},"sa":{"a":0,"k":0,"ix":5},"nm":"Transform"}],"nm":"Group 4","np":2,"cix":2,"bm":0,"ix":4,"mn":"ADBE Vector Group","hd":false},{"ty":"gr","it":[{"ind":0,"ty":"sh","ix":1,"ks":{"a":0,"k":{"i":[[27.61,0],[10.636,-5.654],[0.403,-26.196],[-21.353,-13.14],[-3.969,7.84],[-36.129,18.214]],"o":[[-9.374,0],[-23.916,12.761],[-0.38,24.668],[3.651,-9.368],[16.281,-32.269],[-7.4,-7.88]],"v":[[5.473,-57.527],[-24.676,-49.647],[-63.514,12.568],[-30.092,72.678],[-18.615,46.761],[61.443,-30.334]],"c":true},"ix":2},"nm":"Path 1","mn":"ADBE Vector Shape - Group","hd":false},{"ind":1,"ty":"sh","ix":2,"ks":{"a":0,"k":{"i":[[0,0],[0,0],[-0.414,26.908],[-25.221,13.457],[-7.13,-8.141],[0,0],[0,0],[16.242,-32.19],[3.854,-10.084]],"o":[[0,0],[-23.858,-13.69],[0.426,-27.672],[47.649,-25.329],[0,0],[0,0],[-36.504,17.849],[-4.219,8.335],[0,0]],"v":[[-28.046,78.506],[-30.074,77.342],[-67.514,12.506],[-26.557,-53.177],[66.206,-31.037],[67.928,-29.071],[65.581,-27.923],[-15.045,48.565],[-27.21,76.321]],"c":true},"ix":2},"nm":"Path 2","mn":"ADBE Vector Shape - Group","hd":false},{"ty":"mm","mm":1,"nm":"Merge Paths 1","mn":"ADBE Vector Filter - Merge","hd":false},{"ty":"fl","c":{"a":0,"k":[0,0,0,1],"ix":4},"o":{"a":0,"k":100,"ix":5},"r":1,"bm":0,"nm":"Fill 1","mn":"ADBE Vector Graphic - Fill","hd":false},{"ty":"tr","p":{"a":0,"k":[159.772,218.049],"ix":2},"a":{"a":0,"k":[0,0],"ix":1},"s":{"a":0,"k":[100,100],"ix":3},"r":{"a":0,"k":0,"ix":6},"o":{"a":0,"k":100,"ix":7},"sk":{"a":0,"k":0,"ix":4},"sa":{"a":0,"k":0,"ix":5},"nm":"Transform"}],"nm":"Group 5","np":4,"cix":2,"bm":0,"ix":5,"mn":"ADBE Vector Group","hd":false},{"ty":"gr","it":[{"ind":0,"ty":"sh","ix":1,"ks":{"a":0,"k":{"i":[[-6.935,-7.918],[17.257,-34.202],[3.871,-10.131],[-51.526,27.493]],"o":[[-34.802,17.017],[-4.236,8.366],[-50.201,-28.805],[46.462,-24.701]],"v":[[71.991,-29.466],[-9.541,47.918],[-21.789,75.86],[-18.326,-51.159]],"c":true},"ix":2},"nm":"Path 1","mn":"ADBE Vector Shape - Group","hd":false},{"ty":"fl","c":{"a":0,"k":[1,0.830999995213,0,1],"ix":4},"o":{"a":0,"k":100,"ix":5},"r":1,"bm":0,"nm":"Fill 1","mn":"ADBE Vector Graphic - Fill","hd":false},{"ty":"tr","p":{"a":0,"k":[152.483,217.795],"ix":2},"a":{"a":0,"k":[0,0],"ix":1},"s":{"a":0,"k":[100,100],"ix":3},"r":{"a":0,"k":0,"ix":6},"o":{"a":0,"k":100,"ix":7},"sk":{"a":0,"k":0,"ix":4},"sa":{"a":0,"k":0,"ix":5},"nm":"Transform"}],"nm":"Group 6","np":2,"cix":2,"bm":0,"ix":6,"mn":"ADBE Vector Group","hd":false},{"ty":"gr","it":[{"ind":0,"ty":"sh","ix":1,"ks":{"a":0,"k":{"i":[[2.774,-2.381],[-7.1,-4.577],[19.372,22.02],[6.353,0.296]],"o":[[1.566,21.778],[6.586,-7.386],[-4.868,-5.534],[-11.78,-0.553]],"v":[[-28.853,-19.096],[11.991,29.157],[13.554,-20.791],[-3.356,-29.578]],"c":true},"ix":2},"nm":"Path 1","mn":"ADBE Vector Shape - Group","hd":false},{"ind":1,"ty":"sh","ix":2,"ks":{"a":0,"k":{"i":[[0,0],[0,0],[0.853,26.829],[0,0],[0,0],[-15.28,-0.704],[-5.618,-6.386],[2.526,-11.847],[3.769,-3.945]],"o":[[0,0],[-1.768,-1.069],[0,0],[0,0],[0.555,-0.526],[7.486,0.343],[9.144,10.394],[-2.315,10.851],[0,0]],"v":[[12.669,34.279],[11.296,33.448],[-32.899,-19.89],[-32.927,-20.789],[-32.274,-21.407],[-3.191,-33.575],[16.558,-23.433],[26.531,10.084],[13.778,33.119]],"c":true},"ix":2},"nm":"Path 2","mn":"ADBE Vector Shape - Group","hd":false},{"ty":"mm","mm":1,"nm":"Merge Paths 1","mn":"ADBE Vector Filter - Merge","hd":false},{"ty":"fl","c":{"a":0,"k":[0,0,0,1],"ix":4},"o":{"a":0,"k":100,"ix":5},"r":1,"bm":0,"nm":"Fill 1","mn":"ADBE Vector Graphic - Fill","hd":false},{"ty":"tr","p":{"a":0,"k":[537.1,229.87],"ix":2},"a":{"a":0,"k":[0,0],"ix":1},"s":{"a":0,"k":[100,100],"ix":3},"r":{"a":0,"k":0,"ix":6},"o":{"a":0,"k":100,"ix":7},"sk":{"a":0,"k":0,"ix":4},"sa":{"a":0,"k":0,"ix":5},"nm":"Transform"}],"nm":"Group 7","np":4,"cix":2,"bm":0,"ix":7,"mn":"ADBE Vector Group","hd":false},{"ty":"gr","it":[{"ind":0,"ty":"sh","ix":1,"ks":{"a":0,"k":{"i":[[0.828,26.052],[-19.836,-22.55],[9.177,-9.605]],"o":[[0,0],[19.839,22.55],[0,0]],"v":[[-32.897,-13.492],[13.059,-15.65],[10.333,38.199]],"c":true},"ix":2},"nm":"Path 1","mn":"ADBE Vector Shape - Group","hd":false},{"ty":"fl","c":{"a":0,"k":[1,0.630999995213,0.497999991623,1],"ix":4},"o":{"a":0,"k":100,"ix":5},"r":1,"bm":0,"nm":"Fill 1","mn":"ADBE Vector Graphic - Fill","hd":false},{"ty":"tr","p":{"a":0,"k":[539.098,223.408],"ix":2},"a":{"a":0,"k":[0,0],"ix":1},"s":{"a":0,"k":[100,100],"ix":3},"r":{"a":0,"k":0,"ix":6},"o":{"a":0,"k":100,"ix":7},"sk":{"a":0,"k":0,"ix":4},"sa":{"a":0,"k":0,"ix":5},"nm":"Transform"}],"nm":"Group 8","np":2,"cix":2,"bm":0,"ix":8,"mn":"ADBE Vector Group","hd":false},{"ty":"gr","it":[{"ind":0,"ty":"sh","ix":1,"ks":{"a":0,"k":{"i":[[17.315,-12.813],[-1.203,-3.098],[-0.741,23.586],[11.717,13.374],[1.221,-15.064]],"o":[[1.527,3.546],[20.48,-12.575],[0.567,-18.068],[7.399,12.876],[-1.719,21.222]],"v":[[-18.621,48.07],[-14.574,57.916],[18.76,1.216],[1.263,-47.419],[10.867,-4.611]],"c":true},"ix":2},"nm":"Path 1","mn":"ADBE Vector Shape - Group","hd":false},{"ind":1,"ty":"sh","ix":2,"ks":{"a":0,"k":{"i":[[0,0],[0,0],[2.162,4.96],[0,0],[0,0],[-1.666,20.554],[14.924,14.718],[0,0],[0.819,-26.072],[22.931,-13.151]],"o":[[0,0],[-1.566,-4.155],[0,0],[0,0],[17.119,-12.136],[1.678,-20.696],[0,0],[22.245,14.686],[-0.811,25.769],[0,0]],"v":[[-16.638,63.75],[-17.466,61.552],[-22.93,48.191],[-23.578,46.701],[-22.251,45.76],[6.88,-4.934],[-13.964,-60.658],[-11.458,-63.75],[22.758,1.342],[-14.599,62.582]],"c":true},"ix":2},"nm":"Path 2","mn":"ADBE Vector Shape - Group","hd":false},{"ty":"mm","mm":1,"nm":"Merge Paths 1","mn":"ADBE Vector Filter - Merge","hd":false},{"ty":"fl","c":{"a":0,"k":[0,0,0,1],"ix":4},"o":{"a":0,"k":100,"ix":5},"r":1,"bm":0,"nm":"Fill 1","mn":"ADBE Vector Graphic - Fill","hd":false},{"ty":"tr","p":{"a":0,"k":[584.901,232.808],"ix":2},"a":{"a":0,"k":[0,0],"ix":1},"s":{"a":0,"k":[100,100],"ix":3},"r":{"a":0,"k":0,"ix":6},"o":{"a":0,"k":100,"ix":7},"sk":{"a":0,"k":0,"ix":4},"sa":{"a":0,"k":0,"ix":5},"nm":"Transform"}],"nm":"Group 9","np":4,"cix":2,"bm":0,"ix":9,"mn":"ADBE Vector Group","hd":false},{"ty":"gr","it":[{"ind":0,"ty":"sh","ix":1,"ks":{"a":0,"k":{"i":[[31.275,30.842],[47.952,-27.499],[1.876,4.306]],"o":[[45.013,29.719],[-1.762,-4.673],[37.45,-26.55]],"v":[[-18.239,-61.464],[-21.273,61.464],[-26.774,48.01]],"c":true},"ix":2},"nm":"Path 1","mn":"ADBE Vector Shape - Group","hd":false},{"ty":"fl","c":{"a":0,"k":[1,0.830999995213,0,1],"ix":4},"o":{"a":0,"k":100,"ix":5},"r":1,"bm":0,"nm":"Fill 1","mn":"ADBE Vector Graphic - Fill","hd":false},{"ty":"tr","p":{"a":0,"k":[590.58,232.191],"ix":2},"a":{"a":0,"k":[0,0],"ix":1},"s":{"a":0,"k":[100,100],"ix":3},"r":{"a":0,"k":0,"ix":6},"o":{"a":0,"k":100,"ix":7},"sk":{"a":0,"k":0,"ix":4},"sa":{"a":0,"k":0,"ix":5},"nm":"Transform"}],"nm":"Group 10","np":2,"cix":2,"bm":0,"ix":10,"mn":"ADBE Vector Group","hd":false},{"ty":"gr","it":[{"ind":0,"ty":"sh","ix":1,"ks":{"a":0,"k":{"i":[[9.911,-10.556],[-16.283,-32.271],[-3.654,-9.375],[0.38,24.668],[23.918,12.762]],"o":[[36.129,18.213],[3.965,7.831],[21.353,-13.14],[-0.403,-26.196],[-41.963,-22.311]],"v":[[-61.442,-30.331],[18.615,46.766],[30.091,72.681],[63.515,12.571],[24.672,-49.645]],"c":true},"ix":2},"nm":"Path 1","mn":"ADBE Vector Shape - Group","hd":false},{"ind":1,"ty":"sh","ix":2,"ks":{"a":0,"k":{"i":[[0,0],[0,0],[4.215,8.325],[36.504,17.849],[0,0],[0,0],[-47.648,-25.332],[-0.426,-27.672],[23.858,-13.69]],"o":[[0,0],[-3.856,-10.091],[-16.243,-32.192],[0,0],[0,0],[7.13,-8.142],[25.224,13.459],[0.415,26.908],[0,0]],"v":[[28.044,78.508],[27.209,76.323],[15.045,48.57],[-65.581,-27.92],[-67.928,-29.068],[-66.207,-31.035],[26.552,-53.176],[67.513,12.509],[30.073,77.344]],"c":true},"ix":2},"nm":"Path 2","mn":"ADBE Vector Shape - Group","hd":false},{"ty":"mm","mm":1,"nm":"Merge Paths 1","mn":"ADBE Vector Filter - Merge","hd":false},{"ty":"fl","c":{"a":0,"k":[0,0,0,1],"ix":4},"o":{"a":0,"k":100,"ix":5},"r":1,"bm":0,"nm":"Fill 1","mn":"ADBE Vector Graphic - Fill","hd":false},{"ty":"tr","p":{"a":0,"k":[540.229,218.046],"ix":2},"a":{"a":0,"k":[0,0],"ix":1},"s":{"a":0,"k":[100,100],"ix":3},"r":{"a":0,"k":0,"ix":6},"o":{"a":0,"k":100,"ix":7},"sk":{"a":0,"k":0,"ix":4},"sa":{"a":0,"k":0,"ix":5},"nm":"Transform"}],"nm":"Group 11","np":4,"cix":2,"bm":0,"ix":11,"mn":"ADBE Vector Group","hd":false},{"ty":"gr","it":[{"ind":0,"ty":"sh","ix":1,"ks":{"a":0,"k":{"i":[[6.935,-7.918],[-17.257,-34.202],[-3.872,-10.131],[51.527,27.493]],"o":[[34.802,17.017],[4.237,8.366],[50.201,-28.805],[-46.461,-24.701]],"v":[[-71.991,-29.466],[9.541,47.918],[21.789,75.86],[18.325,-51.159]],"c":true},"ix":2},"nm":"Path 1","mn":"ADBE Vector Shape - Group","hd":false},{"ty":"fl","c":{"a":0,"k":[1,0.830999995213,0,1],"ix":4},"o":{"a":0,"k":100,"ix":5},"r":1,"bm":0,"nm":"Fill 1","mn":"ADBE Vector Graphic - Fill","hd":false},{"ty":"tr","p":{"a":0,"k":[547.517,217.795],"ix":2},"a":{"a":0,"k":[0,0],"ix":1},"s":{"a":0,"k":[100,100],"ix":3},"r":{"a":0,"k":0,"ix":6},"o":{"a":0,"k":100,"ix":7},"sk":{"a":0,"k":0,"ix":4},"sa":{"a":0,"k":0,"ix":5},"nm":"Transform"}],"nm":"Group 12","np":2,"cix":2,"bm":0,"ix":12,"mn":"ADBE Vector Group","hd":false}],"ip":0,"op":90,"st":0,"bm":0}],"markers":[]}